{
  "project_info": {
    "project_number": "647193567859",
    "firebase_url": "https://tracktime-492ce-default-rtdb.firebaseio.com",
    "project_id": "tracktime-492ce",
    "storage_bucket": "tracktime-492ce.appspot.com"
  },
  "client": [
    {
      "client_info": {
        "mobilesdk_app_id": "1:647193567859:android:dc4bdd56560af029fe0006",
        "android_client_info": {
          "package_name": "com.example.fcm_task"
        }
      },
      "oauth_client": [
        {
          "client_id": "647193567859-6t05gqi5e1jm89h255culgnl26ehc8jt.apps.googleusercontent.com",
          "client_type": 3
        }
      ],
      "api_key": [
        {
          "current_key": "AIzaSyB--y2Q5bDAe9TfI81v_s6wIshZwSCTyVU"
        }
      ],
      "services": {
        "appinvite_service": {
          "other_platform_oauth_client": [
            {
              "client_id": "647193567859-6t05gqi5e1jm89h255culgnl26ehc8jt.apps.googleusercontent.com",
              "client_type": 3
            },
            {
              "client_id": "647193567859-g6eqk6hp0vi3uo3ie3r9ngr1sq2irk1u.apps.googleusercontent.com",
              "client_type": 2,
              "ios_info": {
                "bundle_id": "com.sevenstarapp.sevenstar"
              }
            }
          ]
        }
      }
    },
    {
      "client_info": {
        "mobilesdk_app_id": "1:647193567859:android:29dcfaa2333f1c88fe0006",
        "android_client_info": {
          "package_name": "com.example.fcm_test1"
        }
      },
      "oauth_client": [
        {
          "client_id": "647193567859-6t05gqi5e1jm89h255culgnl26ehc8jt.apps.googleusercontent.com",
          "client_type": 3
        }
      ],
      "api_key": [
        {
          "current_key": "AIzaSyB--y2Q5bDAe9TfI81v_s6wIshZwSCTyVU"
        }
      ],
      "services": {
        "appinvite_service": {
          "other_platform_oauth_client": [
            {
              "client_id": "647193567859-6t05gqi5e1jm89h255culgnl26ehc8jt.apps.googleusercontent.com",
              "client_type": 3
            },
            {
              "client_id": "647193567859-g6eqk6hp0vi3uo3ie3r9ngr1sq2irk1u.apps.googleusercontent.com",
              "client_type": 2,
              "ios_info": {
                "bundle_id": "com.sevenstarapp.sevenstar"
              }
            }
          ]
        }
      }
    },
    {
      "client_info": {
        "mobilesdk_app_id": "1:647193567859:android:bba128cbd363ea5efe0006",
        "android_client_info": {
          "package_name": "com.ezinet.ezinetbroadband_app"
        }
      },
      "oauth_client": [
        {
          "client_id": "647193567859-6t05gqi5e1jm89h255culgnl26ehc8jt.apps.googleusercontent.com",
          "client_type": 3
        }
      ],
      "api_key": [
        {
          "current_key": "AIzaSyB--y2Q5bDAe9TfI81v_s6wIshZwSCTyVU"
        }
      ],
      "services": {
        "appinvite_service": {
          "other_platform_oauth_client": [
            {
              "client_id": "647193567859-6t05gqi5e1jm89h255culgnl26ehc8jt.apps.googleusercontent.com",
              "client_type": 3
            },
            {
              "client_id": "647193567859-g6eqk6hp0vi3uo3ie3r9ngr1sq2irk1u.apps.googleusercontent.com",
              "client_type": 2,
              "ios_info": {
                "bundle_id": "com.sevenstarapp.sevenstar"
              }
            }
          ]
        }
      }
    },
    {
      "client_info": {
        "mobilesdk_app_id": "1:647193567859:android:a4d5a4bb1d7752e0fe0006",
        "android_client_info": {
          "package_name": "com.hrjpr.jprdigital"
        }
      },
      "oauth_client": [
        {
          "client_id": "647193567859-6t05gqi5e1jm89h255culgnl26ehc8jt.apps.googleusercontent.com",
          "client_type": 3
        }
      ],
      "api_key": [
        {
          "current_key": "AIzaSyB--y2Q5bDAe9TfI81v_s6wIshZwSCTyVU"
        }
      ],
      "services": {
        "appinvite_service": {
          "other_platform_oauth_client": [
            {
              "client_id": "647193567859-6t05gqi5e1jm89h255culgnl26ehc8jt.apps.googleusercontent.com",
              "client_type": 3
            },
            {
              "client_id": "647193567859-g6eqk6hp0vi3uo3ie3r9ngr1sq2irk1u.apps.googleusercontent.com",
              "client_type": 2,
              "ios_info": {
                "bundle_id": "com.sevenstarapp.sevenstar"
              }
            }
          ]
        }
      }
    },
    {
      "client_info": {
        "mobilesdk_app_id": "1:647193567859:android:53d7f8a6cf93d6cffe0006",
        "android_client_info": {
          "package_name": "com.hrudigital.hr"
        }
      },
      "oauth_client": [
        {
          "client_id": "647193567859-6t05gqi5e1jm89h255culgnl26ehc8jt.apps.googleusercontent.com",
          "client_type": 3
        }
      ],
      "api_key": [
        {
          "current_key": "AIzaSyB--y2Q5bDAe9TfI81v_s6wIshZwSCTyVU"
        }
      ],
      "services": {
        "appinvite_service": {
          "other_platform_oauth_client": [
            {
              "client_id": "647193567859-6t05gqi5e1jm89h255culgnl26ehc8jt.apps.googleusercontent.com",
              "client_type": 3
            },
            {
              "client_id": "647193567859-g6eqk6hp0vi3uo3ie3r9ngr1sq2irk1u.apps.googleusercontent.com",
              "client_type": 2,
              "ios_info": {
                "bundle_id": "com.sevenstarapp.sevenstar"
              }
            }
          ]
        }
      }
    },
    {
      "client_info": {
        "mobilesdk_app_id": "1:647193567859:android:f0aa1470e413c691fe0006",
        "android_client_info": {
          "package_name": "com.omsai.vision"
        }
      },
      "oauth_client": [
        {
          "client_id": "647193567859-6t05gqi5e1jm89h255culgnl26ehc8jt.apps.googleusercontent.com",
          "client_type": 3
        }
      ],
      "api_key": [
        {
          "current_key": "AIzaSyB--y2Q5bDAe9TfI81v_s6wIshZwSCTyVU"
        }
      ],
      "services": {
        "appinvite_service": {
          "other_platform_oauth_client": [
            {
              "client_id": "647193567859-6t05gqi5e1jm89h255culgnl26ehc8jt.apps.googleusercontent.com",
              "client_type": 3
            },
            {
              "client_id": "647193567859-g6eqk6hp0vi3uo3ie3r9ngr1sq2irk1u.apps.googleusercontent.com",
              "client_type": 2,
              "ios_info": {
                "bundle_id": "com.sevenstarapp.sevenstar"
              }
            }
          ]
        }
      }
    },
    {
      "client_info": {
        "mobilesdk_app_id": "1:647193567859:android:0cfd7af8af868740fe0006",
        "android_client_info": {
          "package_name": "com.sevenstar.sevenstarapp"
        }
      },
      "oauth_client": [
        {
          "client_id": "647193567859-6t05gqi5e1jm89h255culgnl26ehc8jt.apps.googleusercontent.com",
          "client_type": 3
        }
      ],
      "api_key": [
        {
          "current_key": "AIzaSyB--y2Q5bDAe9TfI81v_s6wIshZwSCTyVU"
        }
      ],
      "services": {
        "appinvite_service": {
          "other_platform_oauth_client": [
            {
              "client_id": "647193567859-6t05gqi5e1jm89h255culgnl26ehc8jt.apps.googleusercontent.com",
              "client_type": 3
            },
            {
              "client_id": "647193567859-g6eqk6hp0vi3uo3ie3r9ngr1sq2irk1u.apps.googleusercontent.com",
              "client_type": 2,
              "ios_info": {
                "bundle_id": "com.sevenstarapp.sevenstar"
              }
            }
          ]
        }
      }
    },
    {
      "client_info": {
        "mobilesdk_app_id": "1:647193567859:android:40484ba56b58c5c5fe0006",
        "android_client_info": {
          "package_name": "com.ssf.sffapp"
        }
      },
      "oauth_client": [
        {
          "client_id": "647193567859-6t05gqi5e1jm89h255culgnl26ehc8jt.apps.googleusercontent.com",
          "client_type": 3
        }
      ],
      "api_key": [
        {
          "current_key": "AIzaSyB--y2Q5bDAe9TfI81v_s6wIshZwSCTyVU"
        }
      ],
      "services": {
        "appinvite_service": {
          "other_platform_oauth_client": [
            {
              "client_id": "647193567859-6t05gqi5e1jm89h255culgnl26ehc8jt.apps.googleusercontent.com",
              "client_type": 3
            },
            {
              "client_id": "647193567859-g6eqk6hp0vi3uo3ie3r9ngr1sq2irk1u.apps.googleusercontent.com",
              "client_type": 2,
              "ios_info": {
                "bundle_id": "com.sevenstarapp.sevenstar"
              }
            }
          ]
        }
      }
    },
    {
      "client_info": {
        "mobilesdk_app_id": "1:647193567859:android:b5d352cec131e4a9fe0006",
        "android_client_info": {
          "package_name": "com.track.time"
        }
      },
      "oauth_client": [
        {
          "client_id": "647193567859-20i8p4e1r42vcdb4qfblsu8vbcabl4b5.apps.googleusercontent.com",
          "client_type": 1,
          "android_info": {
            "package_name": "com.track.time",
            "certificate_hash": "a87518f041bf8f634c787db36da24a76f0897205"
          }
        },
        {
          "client_id": "647193567859-sn2fgbcqqpa374495qpni403gv75lv0b.apps.googleusercontent.com",
          "client_type": 1,
          "android_info": {
            "package_name": "com.track.time",
            "certificate_hash": "f4eccecb8bf69f7bad322fae0082b03e9db23bd6"
          }
        },
        {
          "client_id": "647193567859-6t05gqi5e1jm89h255culgnl26ehc8jt.apps.googleusercontent.com",
          "client_type": 3
        }
      ],
      "api_key": [
        {
          "current_key": "AIzaSyB--y2Q5bDAe9TfI81v_s6wIshZwSCTyVU"
        }
      ],
      "services": {
        "appinvite_service": {
          "other_platform_oauth_client": [
            {
              "client_id": "647193567859-6t05gqi5e1jm89h255culgnl26ehc8jt.apps.googleusercontent.com",
              "client_type": 3
            },
            {
              "client_id": "647193567859-g6eqk6hp0vi3uo3ie3r9ngr1sq2irk1u.apps.googleusercontent.com",
              "client_type": 2,
              "ios_info": {
                "bundle_id": "com.sevenstarapp.sevenstar"
              }
            }
          ]
        }
      }
    },
    {
      "client_info": {
        "mobilesdk_app_id": "1:647193567859:android:212eec7754200ed8fe0006",
        "android_client_info": {
          "package_name": "com.trackattendance.app"
        }
      },
      "oauth_client": [
        {
          "client_id": "647193567859-6t05gqi5e1jm89h255culgnl26ehc8jt.apps.googleusercontent.com",
          "client_type": 3
        }
      ],
      "api_key": [
        {
          "current_key": "AIzaSyB--y2Q5bDAe9TfI81v_s6wIshZwSCTyVU"
        }
      ],
      "services": {
        "appinvite_service": {
          "other_platform_oauth_client": [
            {
              "client_id": "647193567859-6t05gqi5e1jm89h255culgnl26ehc8jt.apps.googleusercontent.com",
              "client_type": 3
            },
            {
              "client_id": "647193567859-g6eqk6hp0vi3uo3ie3r9ngr1sq2irk1u.apps.googleusercontent.com",
              "client_type": 2,
              "ios_info": {
                "bundle_id": "com.sevenstarapp.sevenstar"
              }
            }
          ]
        }
      }
    }
  ],
  "configuration_version": "1"
}